alias,source_url,canonical
Agnes Christin Maggy Mashishi,http://za-new-import.popit.mysociety.org/api/v0.1/persons/za.org.pa.www/core_person/752,Agnes Christin Mashishi
Agnes Noluthando Daphne Qikani,http://za-new-import.popit.mysociety.org/api/v0.1/persons/za.org.pa.www/core_person/1063,Agnes Daphne Noluthando Qikani
Alan Winde,http://za-new-import.popit.mysociety.org/api/v0.1/persons/za.org.pa.www/core_person/1337,Alan Richard Winde
Albert Fritz,http://za-new-import.popit.mysociety.org/api/v0.1/persons/za.org.pa.www/core_person/1338,Albert Theo Fritz
Ndlanzi,http://za-new-import.popit.mysociety.org/api/v0.1/persons/za.org.pa.www/core_person/841,Alexia Zintle Ndlazi
Alfred Mtsi,http://za-new-import.popit.mysociety.org/api/v0.1/persons/za.org.pa.www/core_person/1339,Skuta Alfred Mtsi
Andrew Louw,http://za-new-import.popit.mysociety.org/api/v0.1/persons/za.org.pa.www/core_person/701,A Louw
A M Figlan,http://za-new-import.popit.mysociety.org/api/v0.1/persons/za.org.pa.www/core_person/625,Archibold Mzuvukile Figlan
Andricus van der Westhuizen,http://za-new-import.popit.mysociety.org/api/v0.1/persons/za.org.pa.www/core_person/996,Andricus Pieter Van der Westhuizen
Angela Woodhall,http://za-new-import.popit.mysociety.org/api/v0.1/persons/za.org.pa.www/core_person/1343,Angela Shelagh Woodhall
Anroux Marais,http://za-new-import.popit.mysociety.org/api/v0.1/persons/za.org.pa.www/core_person/1344,Anroux Johanna Du Toit Marais
Anton Bredell,http://za-new-import.popit.mysociety.org/api/v0.1/persons/za.org.pa.www/core_person/1345,Anton Wilhelm Bredell
Archibold Figlan,http://za-new-import.popit.mysociety.org/api/v0.1/persons/za.org.pa.www/core_person/1346,Archie Figlan
Watty Watson,http://za-new-import.popit.mysociety.org/api/v0.1/persons/za.org.pa.www/core_person/999,Armiston Watson
Butch Steyn,http://za-new-import.popit.mysociety.org/api/v0.1/persons/za.org.pa.www/core_person/956,Arron Cecil Steyn
Aucahalie Mothupi,http://za-new-import.popit.mysociety.org/api/v0.1/persons/za.org.pa.www/core_person/1336,AUCHALIE MOTHUPI
Basil Alexander,http://za-new-import.popit.mysociety.org/api/v0.1/persons/za.org.pa.www/core_person/1348,B Alexander
Nombasa Beauty Dlulane,http://za-new-import.popit.mysociety.org/api/v0.1/persons/za.org.pa.www/core_person/607,Beauty Nomvuzo Dlulane
Bev Abrahams,http://za-new-import.popit.mysociety.org/api/v0.1/persons/za.org.pa.www/core_person/1018,Beverley Lynnette Abrahams
Beverley Lynette Abrahams,http://za-new-import.popit.mysociety.org/api/v0.1/persons/za.org.pa.www/core_person/1018,Beverley Lynnette Abrahams
B.F. Scott,http://za-new-import.popit.mysociety.org/api/v0.1/persons/za.org.pa.www/core_person/1876,Belinda Francis Scott
Bhekiziswe Abram Radebe,http://za-new-import.popit.mysociety.org/api/v0.1/persons/za.org.pa.www/core_person/899,Bhekizizwe Abram Radebe
B M Komphela,http://za-new-import.popit.mysociety.org/api/v0.1/persons/za.org.pa.www/core_person/682,Butana Moses Komphela
B.M. Radebe,http://za-new-import.popit.mysociety.org/api/v0.1/persons/za.org.pa.www/core_person/1877,Bonginkosi Meshack Radebe
B.N. Mdletshe,http://za-new-import.popit.mysociety.org/api/v0.1/persons/za.org.pa.www/core_person/1878,Bonga Nkanyiso Mdletshe
Joggie Boers,http://za-new-import.popit.mysociety.org/api/v0.1/persons/za.org.pa.www/core_person/1351,Boers Joggie
BOITUMELO MOILOA,http://za-new-import.popit.mysociety.org/api/v0.1/persons/za.org.pa.www/core_person/1350,Boitumelo Theodora Moiloa
Bonisile Nesi,http://za-new-import.popit.mysociety.org/api/v0.1/persons/za.org.pa.www/core_person/1058,Bonisile Alfred Nesi
Budang Lemias Mashile,http://za-new-import.popit.mysociety.org/api/v0.1/persons/za.org.pa.www/core_person/1046,Buoang Lemias Mashile
Pinky Mncube,http://za-new-import.popit.mysociety.org/api/v0.1/persons/za.org.pa.www/core_person/1051,Busisiwe Veronica Mncube
Buyelwa Tshungwana,http://za-new-import.popit.mysociety.org/api/v0.1/persons/za.org.pa.www/core_person/1356,Buyelwa Glenrose Tshungwana
Blaai,http://za-new-import.popit.mysociety.org/api/v0.1/persons/za.org.pa.www/core_person/597,Buyiswa Cornelia Diemu
Connie Diemu,http://za-new-import.popit.mysociety.org/api/v0.1/persons/za.org.pa.www/core_person/597,Buyiswa Cornelia Diemu
B W Dhlamini,http://za-new-import.popit.mysociety.org/api/v0.1/persons/za.org.pa.www/core_person/595,Bonginkosi Wesley Dhlamini
Carol Beerwinkel,http://za-new-import.popit.mysociety.org/api/v0.1/persons/za.org.pa.www/core_person/1362,Carol Frances Beerwinkel
Cecelia Kots,http://za-new-import.popit.mysociety.org/api/v0.1/persons/za.org.pa.www/core_person/687,Cecilia Mampe Papadi Kotsi
Kekane,http://za-new-import.popit.mysociety.org/api/v0.1/persons/za.org.pa.www/core_person/671,Charles Danny Kekana
Kekana,http://za-new-import.popit.mysociety.org/api/v0.1/persons/za.org.pa.www/core_person/671,Charles Danny Kekana
China Dodovu,http://za-new-import.popit.mysociety.org/api/v0.1/persons/za.org.pa.www/core_person/1358,CHINA DODOVU
Chris Hattingh,http://za-new-import.popit.mysociety.org/api/v0.1/persons/za.org.pa.www/core_person/1359,CHRIS HATTINGH
Patricia Chueu,http://za-new-import.popit.mysociety.org/api/v0.1/persons/za.org.pa.www/core_person/1366,Mamonare Patricia Chueu
Chueu Patricia,http://za-new-import.popit.mysociety.org/api/v0.1/persons/za.org.pa.www/core_person/1366,Mamonare Patricia Chueu
Mokone Collen Maine,http://za-new-import.popit.mysociety.org/api/v0.1/persons/za.org.pa.www/core_person/1361,COLLEN MAINE
Constance Croats,http://za-new-import.popit.mysociety.org/api/v0.1/persons/za.org.pa.www/core_person/3735,Constance Yvette Croats
Barbara Creecy,http://za-new-import.popit.mysociety.org/api/v0.1/persons/za.org.pa.www/core_person/1367,Barbara Dallas Creecy
Creecy Barbara,http://za-new-import.popit.mysociety.org/api/v0.1/persons/za.org.pa.www/core_person/1367,Barbara Dallas Creecy
Cronje M. C.,http://za-new-import.popit.mysociety.org/api/v0.1/persons/za.org.pa.www/core_person/1961,Catharina Magdalena Cronje
Dacre Haddon,http://za-new-import.popit.mysociety.org/api/v0.1/persons/za.org.pa.www/core_person/1371,Dacre Berrangé Haddon
Boshigo,http://za-new-import.popit.mysociety.org/api/v0.1/persons/za.org.pa.www/core_person/565,Dalitha Fiki Boshigo
Dan Plato,http://za-new-import.popit.mysociety.org/api/v0.1/persons/za.org.pa.www/core_person/1372,Daniel Plato
Zukiswa Daphne Rantho,http://za-new-import.popit.mysociety.org/api/v0.1/persons/za.org.pa.www/core_person/1064,Daphne Zukiswa Rantho
David Douglas Van Rooyen,http://za-new-import.popit.mysociety.org/api/v0.1/persons/za.org.pa.www/core_person/989,David Douglas Des Van Rooyen
David Maynier,http://za-new-import.popit.mysociety.org/api/v0.1/persons/za.org.pa.www/core_person/767,David John Maynier
D.D. Dlamini,http://za-new-import.popit.mysociety.org/api/v0.1/persons/za.org.pa.www/core_person/1880,Dorah Dunana Dlamini
Debbie Schäfer,http://za-new-import.popit.mysociety.org/api/v0.1/persons/za.org.pa.www/core_person/916,Deborah Anne Schäfer
Schafer,http://za-new-import.popit.mysociety.org/api/v0.1/persons/za.org.pa.www/core_person/916,Deborah Anne Schäfer
Debbie Schafer,http://za-new-import.popit.mysociety.org/api/v0.1/persons/za.org.pa.www/core_person/916,Deborah Anne Schäfer
Deborah Komose,http://za-new-import.popit.mysociety.org/api/v0.1/persons/za.org.pa.www/core_person/1373,Deborah Nomalinde Komose
Derek Andre Hanekom,http://za-new-import.popit.mysociety.org/api/v0.1/persons/za.org.pa.www/core_person/652,Derek André Hanekom
Desbo Mohono,http://za-new-import.popit.mysociety.org/api/v0.1/persons/za.org.pa.www/core_person/1369,Sebonta Francinah Desbo Mohono
DESBO MOHONO,http://za-new-import.popit.mysociety.org/api/v0.1/persons/za.org.pa.www/core_person/1369,Sebonta Francinah Desbo Mohono
Kohler-Banard,http://za-new-import.popit.mysociety.org/api/v0.1/persons/za.org.pa.www/core_person/681,Dianne Kohler
Dianne Kohler-Barnard,http://za-new-import.popit.mysociety.org/api/v0.1/persons/za.org.pa.www/core_person/681,Dianne Kohler
Dikeledi Mahlangu,http://za-new-import.popit.mysociety.org/api/v0.1/persons/za.org.pa.www/core_person/983,Dikeledi Rebecca Tsotetsi
Diratsagae Papi Kganare,http://za-new-import.popit.mysociety.org/api/v0.1/persons/za.org.pa.www/core_person/673,Diratsagae Alfred Kganare
D.N. Khuzwayo,http://za-new-import.popit.mysociety.org/api/v0.1/persons/za.org.pa.www/core_person/1881,Dumisani Nicholas Khuzwayo
Donald Grant,http://za-new-import.popit.mysociety.org/api/v0.1/persons/za.org.pa.www/core_person/1375,Donald Arthur Cardross Grant
Dlakudla,http://za-new-import.popit.mysociety.org/api/v0.1/persons/za.org.pa.www/core_person/602,Dorries Eunice Dlakude
Magome Masike,http://za-new-import.popit.mysociety.org/api/v0.1/persons/za.org.pa.www/core_person/1370,Magome Albanos Masike
DR. MAGOME MASIKE,http://za-new-import.popit.mysociety.org/api/v0.1/persons/za.org.pa.www/core_person/1370,Magome Albanos Masike
Hunadi Mateme,http://za-new-import.popit.mysociety.org/api/v0.1/persons/za.org.pa.www/core_person/1379,Dr Mateme Hunadi Euphemia
Dumisani Dennis Gamede,http://za-new-import.popit.mysociety.org/api/v0.1/persons/za.org.pa.www/core_person/1031,Dennis Dumisani Gamede
Ximbi,http://za-new-import.popit.mysociety.org/api/v0.1/persons/za.org.pa.www/core_person/1006,Dumsani Livingstone Ximbi
Desiree van der Walt,http://za-new-import.popit.mysociety.org/api/v0.1/persons/za.org.pa.www/core_person/1017,Désirée Van Der Walt
D van der Walt,http://za-new-import.popit.mysociety.org/api/v0.1/persons/za.org.pa.www/core_person/1017,Désirée Van Der Walt
Elza van Lingen,http://za-new-import.popit.mysociety.org/api/v0.1/persons/za.org.pa.www/core_person/1070,Elizabeth Christina Van Lingen
Bill Eloff,http://za-new-import.popit.mysociety.org/api/v0.1/persons/za.org.pa.www/core_person/620,Ernst Hendrik Eloff
E.S. Mchunu,http://za-new-import.popit.mysociety.org/api/v0.1/persons/za.org.pa.www/core_person/1882,Edward Senzo Mchunu
Nqaba Bhanga,http://za-new-import.popit.mysociety.org/api/v0.1/persons/za.org.pa.www/core_person/850,Eugene Nhlanhla Nqaba Ngcobo
Eugene von Brandis,http://za-new-import.popit.mysociety.org/api/v0.1/persons/za.org.pa.www/core_person/1384,Eugene Jeffrey Von Brandis
E.V. Dube,http://za-new-import.popit.mysociety.org/api/v0.1/persons/za.org.pa.www/core_person/1883,Emmanuel Vusumuzi Dube
FENNY GAOLAOLWE,http://za-new-import.popit.mysociety.org/api/v0.1/persons/za.org.pa.www/core_person/1385,Galaletsang Fenny Gaolaolwe
Fikile Xasa,http://za-new-import.popit.mysociety.org/api/v0.1/persons/za.org.pa.www/core_person/1386,Fikile Devilliers Xasa
Foni Florence Mushwana,http://za-new-import.popit.mysociety.org/api/v0.1/persons/za.org.pa.www/core_person/835,Foni Florence Mushwana
Francois Adrianus Rodgers,http://za-new-import.popit.mysociety.org/api/v0.1/persons/za.org.pa.www/core_person/908,Francoise Adrianus Rodgers
Frederik Mulder,http://za-new-import.popit.mysociety.org/api/v0.1/persons/za.org.pa.www/core_person/1388,Frederik Jacobus Mulder
Gareth Morgan,http://za-new-import.popit.mysociety.org/api/v0.1/persons/za.org.pa.www/core_person/812,Gareth Richard Morgan
George Boinamo,http://za-new-import.popit.mysociety.org/api/v0.1/persons/za.org.pa.www/core_person/560,George Gaolatlhe Boinamo
Glenda Steyn,http://za-new-import.popit.mysociety.org/api/v0.1/persons/za.org.pa.www/core_person/1393,Glenda Jane Steyn
Mothibedi Kegakilwe,http://pmocl.popit.mysociety.org/api/v0.1/persons/za.org.pa.www/core_person/1390,Mothibedi Gordon Kegakilwe
GORDON KEGAKILWE,http://pmocl.popit.mysociety.org/api/v0.1/persons/za.org.pa.www/core_person/1390,Mothibedi Gordon Kegakilwe
McIntosh Mc lntosh,http://pmocl.popit.mysociety.org/api/v0.1/persons/za.org.pa.www/core_person/773,Graham Brian Douglas Mc Intosh
Mackenzie,http://pmocl.popit.mysociety.org/api/v0.1/persons/za.org.pa.www/core_person/711,Graham Peter Dalziel Mac Kenzie
Graham Mackenzie,http://pmocl.popit.mysociety.org/api/v0.1/persons/za.org.pa.www/core_person/711,Graham Peter Dalziel Mac Kenzie
Grant Haskin,http://pmocl.popit.mysociety.org/api/v0.1/persons/za.org.pa.www/core_person/1394,Grant Christopher Ronald Haskin
Buleleni Gratitude Magwanishe,http://pmocl.popit.mysociety.org/api/v0.1/persons/za.org.pa.www/core_person/724,Gratitude Magwanishe
Scheemann,http://pmocl.popit.mysociety.org/api/v0.1/persons/za.org.pa.www/core_person/915,Gregory David Schneemann
Gwala M. B.,http://za-new-import.popit.mysociety.org/api/v0.1/persons/za.org.pa.www/core_person/1963,Muziwenkosi Blessed Gwala
Gwen Ramakgopa,http://za-new-import.popit.mysociety.org/api/v0.1/persons/za.org.pa.www/core_person/541,Gwen Malegwale Ramokgopa
Ena van Schalkwyk,http://za-new-import.popit.mysociety.org/api/v0.1/persons/za.org.pa.www/core_person/990,Helena Claudina Van Schalkwyk
Line-Hendriks,http://za-new-import.popit.mysociety.org/api/v0.1/persons/za.org.pa.www/core_person/697,Helen Line-Hendriks
Helen Line,http://za-new-import.popit.mysociety.org/api/v0.1/persons/za.org.pa.www/core_person/697,Helen Line-Hendriks
Helen Sauls-August,http://za-new-import.popit.mysociety.org/api/v0.1/persons/za.org.pa.www/core_person/1397,Helen Mercedes August
Helen Zille,http://za-new-import.popit.mysociety.org/api/v0.1/persons/za.org.pa.www/core_person/1398,Otta Helene Maree
Bokkie Geyer,http://za-new-import.popit.mysociety.org/api/v0.1/persons/za.org.pa.www/core_person/1399,Helmar Philip Geyer
Helmar (Bokkie) Geyer,http://za-new-import.popit.mysociety.org/api/v0.1/persons/za.org.pa.www/core_person/1399,Helmar Philip Geyer
Hendrika Kruger,http://za-new-import.popit.mysociety.org/api/v0.1/persons/za.org.pa.www/core_person/1400,Hendrika Johanna Lodiwika Kruger
Hendrik Cornelius Schmidt,http://za-new-import.popit.mysociety.org/api/v0.1/persons/za.org.pa.www/core_person/914,Hendrik Cornelus Schmidt
Hilda Sizakele Msweli,http://za-new-import.popit.mysociety.org/api/v0.1/persons/za.org.pa.www/core_person/827,Hildah Sizakele Msweli
H.L. Combrinck,http://za-new-import.popit.mysociety.org/api/v0.1/persons/za.org.pa.www/core_person/1886,Henry Leach Combrinck
Patrick Chauke,http://za-new-import.popit.mysociety.org/api/v0.1/persons/za.org.pa.www/core_person/1395,Hlomane Patrick Chauke
HLOMANE CHAUKE,http://za-new-import.popit.mysociety.org/api/v0.1/persons/za.org.pa.www/core_person/1395,Hlomane Patrick Chauke
Brian Hlongwa,http://za-new-import.popit.mysociety.org/api/v0.1/persons/za.org.pa.www/core_person/1401,Brian Hlongwa
Hlongwa Brian,http://za-new-import.popit.mysociety.org/api/v0.1/persons/za.org.pa.www/core_person/1401,Brian Hlongwa
H.M. Blose,http://za-new-import.popit.mysociety.org/api/v0.1/persons/za.org.pa.www/core_person/1887,Happy Mamlili Blose
Hoffman Galeng,http://za-new-import.popit.mysociety.org/api/v0.1/persons/za.org.pa.www/core_person/1396,Goatlhotsemang Hoffman Galeng
HOFFMAN GALENG,http://za-new-import.popit.mysociety.org/api/v0.1/persons/za.org.pa.www/core_person/1396,Goatlhotsemang Hoffman Galeng
H.S. Ngxongo,http://za-new-import.popit.mysociety.org/api/v0.1/persons/za.org.pa.www/core_person/1888,Hlobisile Salvatoris Ngxongo
Humphrey Maxegwana,http://za-new-import.popit.mysociety.org/api/v0.1/persons/za.org.pa.www/core_person/1402,Comely Humphrey Maqocwa Maxegwana
Humphrey Mmemezi,http://za-new-import.popit.mysociety.org/api/v0.1/persons/za.org.pa.www/core_person/1403,Humphrey Mdumzeli Zondelele Mmemezi
Ian Ollis,http://za-new-import.popit.mysociety.org/api/v0.1/persons/za.org.pa.www/core_person/882,Ian Michael Ollis
Ian Davidson,http://za-new-import.popit.mysociety.org/api/v0.1/persons/za.org.pa.www/core_person/590,Ian Ormiston Davidson
Ivan Meyer,http://za-new-import.popit.mysociety.org/api/v0.1/persons/za.org.pa.www/core_person/1405,Ivan Henry Meyer
Pretty Jabhile Ngubeni-Maluleke,http://za-new-import.popit.mysociety.org/api/v0.1/persons/za.org.pa.www/core_person/853,Jabhile Pretty Ngubeni-Maluleka
Jack Bloom,http://za-new-import.popit.mysociety.org/api/v0.1/persons/za.org.pa.www/core_person/1407,Jack Brian Bloom
Van de Linde Van den Linde,http://za-new-import.popit.mysociety.org/api/v0.1/persons/za.org.pa.www/core_person/993,Jacob Jeffrey Van der Linde
Japie van der Linde,http://za-new-import.popit.mysociety.org/api/v0.1/persons/za.org.pa.www/core_person/993,Jacob Jeffrey Van der Linde
Jacques Smalle,http://za-new-import.popit.mysociety.org/api/v0.1/persons/za.org.pa.www/core_person/941,Jacobus Frederik Smalle
Jac Bekker,http://za-new-import.popit.mysociety.org/api/v0.1/persons/za.org.pa.www/core_person/1020,Jacobus Marthinus Geyser Bekker
Jacobus Marthinus G Bekker,http://za-new-import.popit.mysociety.org/api/v0.1/persons/za.org.pa.www/core_person/1020,Jacobus Marthinus Geyser Bekker
Janet Semple ,http://za-new-import.popit.mysociety.org/api/v0.1/persons/za.org.pa.www/core_person/1409,Janet Audrey Semple
Jenny Hartnick,http://za-new-import.popit.mysociety.org/api/v0.1/persons/za.org.pa.www/core_person/1410,Jennifer Lorraine Hartnick
Jennifer Hartnick,http://za-new-import.popit.mysociety.org/api/v0.1/persons/za.org.pa.www/core_person/1410,Jennifer Lorraine Hartnick
Jo-Ann M. Downs,http://za-new-import.popit.mysociety.org/api/v0.1/persons/za.org.pa.www/core_person/1892,Jo-Ann Mary Downs
Juanita Terblanche,http://za-new-import.popit.mysociety.org/api/v0.1/persons/za.org.pa.www/core_person/966,Johanna Fredrika Terblanche
Johanna Fredrika (Juanita) Terblanche,http://za-new-import.popit.mysociety.org/api/v0.1/persons/za.org.pa.www/core_person/966,Johanna Fredrika Terblanche
John Cupido,http://za-new-import.popit.mysociety.org/api/v0.1/persons/za.org.pa.www/core_person/1412,John Cristiano Cupido
John Franzsen,http://za-new-import.popit.mysociety.org/api/v0.1/persons/za.org.pa.www/core_person/1406,JOHN DUNN FRANZSEN
John Moodey,http://za-new-import.popit.mysociety.org/api/v0.1/persons/za.org.pa.www/core_person/1413,John Clifford Moodey
Mc Gluwa,http://za-new-import.popit.mysociety.org/api/v0.1/persons/za.org.pa.www/core_person/774,Joseph Job McGluwa
Joe McGluwa,http://za-new-import.popit.mysociety.org/api/v0.1/persons/za.org.pa.www/core_person/774,Joseph Job McGluwa
Juli Kilian,http://za-new-import.popit.mysociety.org/api/v0.1/persons/za.org.pa.www/core_person/679,Juliana Danielle Kilian
Rev K R Meshoe,http://za-new-import.popit.mysociety.org/api/v0.1/persons/za.org.pa.www/core_person/780,Kenneth Raselabe Joseph Meshoe
Khawe Jacob Lehana,http://za-new-import.popit.mysociety.org/api/v0.1/persons/za.org.pa.www/core_person/1419,Jacob Khawe
Khawe Jacob,http://za-new-import.popit.mysociety.org/api/v0.1/persons/za.org.pa.www/core_person/1419,Jacob Khawe
Sakhiwe Khumalo,http://za-new-import.popit.mysociety.org/api/v0.1/persons/za.org.pa.www/core_person/1421,Sakhiwe Vincent Khumalo
Khumalo Sakhiwe,http://za-new-import.popit.mysociety.org/api/v0.1/persons/za.org.pa.www/core_person/1421,Sakhiwe Vincent Khumalo
K M Zondi,http://za-new-import.popit.mysociety.org/api/v0.1/persons/za.org.pa.www/core_person/1010,Keith Muntuwenkosi Zondi
Lindi Lasindwa,http://za-new-import.popit.mysociety.org/api/v0.1/persons/za.org.pa.www/core_person/1427,Lasindwa Lindiwe
L.C. Bebee,http://za-new-import.popit.mysociety.org/api/v0.1/persons/za.org.pa.www/core_person/1897,Lindiwe Christabola Bebee
L D Zulu,http://za-new-import.popit.mysociety.org/api/v0.1/persons/za.org.pa.www/core_person/1011,Lindiwe Daphne Zulu
Lennit Max,http://za-new-import.popit.mysociety.org/api/v0.1/persons/za.org.pa.www/core_person/764,Lennit Hendry Max
Mahlakeng Mahlakeng,http://za-new-import.popit.mysociety.org/api/v0.1/persons/za.org.pa.www/core_person/1424,Raphael Leroi Mahlakeng
LEROI MAHLAKENG,http://za-new-import.popit.mysociety.org/api/v0.1/persons/za.org.pa.www/core_person/1424,Raphael Leroi Mahlakeng
Refiloe Letwaba,http://za-new-import.popit.mysociety.org/api/v0.1/persons/za.org.pa.www/core_person/1430,Letwaba Refiloe
L.F. Shabalala,http://za-new-import.popit.mysociety.org/api/v0.1/persons/za.org.pa.www/core_person/1898,Lizzie Fikelephi Shabalala
Lindiwe Desiré Mazibuko,http://za-new-import.popit.mysociety.org/api/v0.1/persons/za.org.pa.www/core_person/768,Lindiwe Desire Mazibuko
L.J. de Klerk,http://za-new-import.popit.mysociety.org/api/v0.1/persons/za.org.pa.www/core_person/1899,Lourens Johannes De Klerk
L. Johnson,http://za-new-import.popit.mysociety.org/api/v0.1/persons/za.org.pa.www/core_person/1895,Lydia Johnson
L.L. Zwane,http://za-new-import.popit.mysociety.org/api/v0.1/persons/za.org.pa.www/core_person/1900,Lungelwa Lynette Zwane
L N Mkhize,http://za-new-import.popit.mysociety.org/api/v0.1/persons/za.org.pa.www/core_person/789,Langalakhe Nicholas Mkhize
Louisa Mabe,http://za-new-import.popit.mysociety.org/api/v0.1/persons/za.org.pa.www/core_person/1425,LOUISA LORATO MABE
Lourie Bosman,http://za-new-import.popit.mysociety.org/api/v0.1/persons/za.org.pa.www/core_person/566,Lourens Lemmer Bosman
L.P.H.M. Mtshali,http://za-new-import.popit.mysociety.org/api/v0.1/persons/za.org.pa.www/core_person/1902,Lionel Percival Hercules Mbeki Mtshali
L.X.H. Hlongwa,http://za-new-import.popit.mysociety.org/api/v0.1/persons/za.org.pa.www/core_person/1904,Linda Xolelwa Hlobisile Hlongwa
 Maapi Angelina Molebatsi,http://za-new-import.popit.mysociety.org/api/v0.1/persons/za.org.pa.www/core_person/805,Maapi Angelina Molebatsi
Michael Madlala,http://za-new-import.popit.mysociety.org/api/v0.1/persons/za.org.pa.www/core_person/1440,Fanyana Michael Madlala
Madlala Michael,http://za-new-import.popit.mysociety.org/api/v0.1/persons/za.org.pa.www/core_person/1440,Fanyana Michael Madlala
Errol Magerman,http://za-new-import.popit.mysociety.org/api/v0.1/persons/za.org.pa.www/core_person/1442,Errol Vincent Magerman
Magerman Errol,http://za-new-import.popit.mysociety.org/api/v0.1/persons/za.org.pa.www/core_person/1442,Errol Vincent Magerman
Qedani Mahlangu,http://za-new-import.popit.mysociety.org/api/v0.1/persons/za.org.pa.www/core_person/1443,Qedani Dorothy Mahlangu
Mahlangu Qedani,http://za-new-import.popit.mysociety.org/api/v0.1/persons/za.org.pa.www/core_person/1443,Qedani Dorothy Mahlangu
Lebogang Maile,http://za-new-import.popit.mysociety.org/api/v0.1/persons/za.org.pa.www/core_person/1444,Lebogang Isaac Maile
Maile Lebogang,http://za-new-import.popit.mysociety.org/api/v0.1/persons/za.org.pa.www/core_person/1444,Lebogang Isaac Maile
Sipho Makama,http://za-new-import.popit.mysociety.org/api/v0.1/persons/za.org.pa.www/core_person/1445,Sipho John Makama
Makama Sipho,http://za-new-import.popit.mysociety.org/api/v0.1/persons/za.org.pa.www/core_person/1445,Sipho John Makama
Makashule Gana,http://za-new-import.popit.mysociety.org/api/v0.1/persons/za.org.pa.www/core_person/3859,Stanford Makashule Gana
Makhosazana Mdlalose,http://za-new-import.popit.mysociety.org/api/v0.1/persons/za.org.pa.www/core_person/1920,Makhosi Mdlalose
Wendy Makhate,http://za-new-import.popit.mysociety.org/api/v0.1/persons/za.org.pa.www/core_person/1042,Mamosoeu Wendy Makgate
Manny De Freitas,http://za-new-import.popit.mysociety.org/api/v0.1/persons/za.org.pa.www/core_person/592,Manuel Simão Franca De Freitas
Mark Steele,http://za-new-import.popit.mysociety.org/api/v0.1/persons/za.org.pa.www/core_person/1921,Mark Harvey Steele
Mark Wiley,http://za-new-import.popit.mysociety.org/api/v0.1/persons/za.org.pa.www/core_person/1447,Mark Geoffry Edington Wiley
Lindiwe Maseko,http://za-new-import.popit.mysociety.org/api/v0.1/persons/za.org.pa.www/core_person/1448,Lindiwe Michelle Maseko
Maseko Lindiwe,http://za-new-import.popit.mysociety.org/api/v0.1/persons/za.org.pa.www/core_person/1448,Lindiwe Michelle Maseko
Dodo Baloyi,http://za-new-import.popit.mysociety.org/api/v0.1/persons/za.org.pa.www/core_person/549,Masenyani Richard Baloyi
Masenyani Richard Baloyi,http://za-new-import.popit.mysociety.org/api/v0.1/persons/za.org.pa.www/core_person/549,Masenyani Richard Baloyi
Masiza Max Mhlati,http://za-new-import.popit.mysociety.org/api/v0.1/persons/za.org.pa.www/core_person/1449,Masiza Maxwell Mhlati
Phaahia,http://za-new-import.popit.mysociety.org/api/v0.1/persons/za.org.pa.www/core_person/889,Mathume Joseph Phaahla
Mathume Joseph Phaahla ,http://za-new-import.popit.mysociety.org/api/v0.1/persons/za.org.pa.www/core_person/889,Mathume Joseph Phaahla
Makhosi Khoza,http://za-new-import.popit.mysociety.org/api/v0.1/persons/za.org.pa.www/core_person/1452,Nyameka Nandi Mayathula-Khoza
Nandi Mayathula-Khoza,http://za-new-import.popit.mysociety.org/api/v0.1/persons/za.org.pa.www/core_person/1452,Nyameka Nandi Mayathula-Khoza
Mayathula-Khoza Nandi,http://za-new-import.popit.mysociety.org/api/v0.1/persons/za.org.pa.www/core_person/1452,Nyameka Nandi Mayathula-Khoza
Mayekiso Moses,http://za-new-import.popit.mysociety.org/api/v0.1/persons/za.org.pa.www/core_person/1453,Jongizizwe Moses Mayekiso
Faith Mazibuko,http://za-new-import.popit.mysociety.org/api/v0.1/persons/za.org.pa.www/core_person/1454,Nonhlanhla Faith Mazibuko
Mazibuko Faith,http://za-new-import.popit.mysociety.org/api/v0.1/persons/za.org.pa.www/core_person/1454,Nonhlanhla Faith Mazibuko
Valentine Mbatha,http://za-new-import.popit.mysociety.org/api/v0.1/persons/za.org.pa.www/core_person/1455,Wally Valentine Mbatha
Mbatha Valentine,http://za-new-import.popit.mysociety.org/api/v0.1/persons/za.org.pa.www/core_person/1455,Wally Valentine Mbatha
M.B. Ntuli,http://za-new-import.popit.mysociety.org/api/v0.1/persons/za.org.pa.www/core_person/1910,Muntukayise Bhekuyise Ntuli
Mbulelo Ntenjwa,http://za-new-import.popit.mysociety.org/api/v0.1/persons/za.org.pa.www/core_person/1458,Mbulelo Wiseman Ntenjwa
Mcebisi Jonas,http://za-new-import.popit.mysociety.org/api/v0.1/persons/za.org.pa.www/core_person/1459,Mcebisi Hubert Jonas
M.C. Frazer,http://za-new-import.popit.mysociety.org/api/v0.1/persons/za.org.pa.www/core_person/1912,Mbalenhle Cleopatra Frazer
M.E. Mthimkhulu,http://za-new-import.popit.mysociety.org/api/v0.1/persons/za.org.pa.www/core_person/1915,Mtholephi Emmanuel Mthimkhulu
Meshoe Lefokane,http://za-new-import.popit.mysociety.org/api/v0.1/persons/za.org.pa.www/core_person/1462,Lefokane Lydia Meshoe
M E Tshabalala-Msimang,http://za-new-import.popit.mysociety.org/api/v0.1/persons/za.org.pa.www/core_person/980,Mantombazana Edmie Tshabalala-Msimang
Mgcina Alfred,http://za-new-import.popit.mysociety.org/api/v0.1/persons/za.org.pa.www/core_person/1463,Mafika Alfred Mgcina
M. Govender,http://za-new-import.popit.mysociety.org/api/v0.1/persons/za.org.pa.www/core_person/1905,Magesvari Govender
Michael De Villiers,http://za-new-import.popit.mysociety.org/api/v0.1/persons/za.org.pa.www/core_person/1026,Michael Jacobs Roland De Villiers
Mike Walters,http://za-new-import.popit.mysociety.org/api/v0.1/persons/za.org.pa.www/core_person/1465,Michael Walters
Mike Waters,http://za-new-import.popit.mysociety.org/api/v0.1/persons/za.org.pa.www/core_person/998,Michael Waters
M.J. Mazibuko,http://za-new-import.popit.mysociety.org/api/v0.1/persons/za.org.pa.www/core_person/1916,Mbongeleni Joshua Mazibuko
M. Khawula,http://za-new-import.popit.mysociety.org/api/v0.1/persons/za.org.pa.www/core_person/1906,Mntomuhle Khawula
M. Mabuyakhulu,http://za-new-import.popit.mysociety.org/api/v0.1/persons/za.org.pa.www/core_person/1907,Michael Mabuyakhulu
Mninawa Nyusile,http://za-new-import.popit.mysociety.org/api/v0.1/persons/za.org.pa.www/core_person/1469,Mninawa Lewis Nyusile
M. Ntuli,http://za-new-import.popit.mysociety.org/api/v0.1/persons/za.org.pa.www/core_person/1908,Mirriam Ntuli
Nelisiwe Moerane,http://za-new-import.popit.mysociety.org/api/v0.1/persons/za.org.pa.www/core_person/1470,Moerane Neliswe
Mofokeng,http://za-new-import.popit.mysociety.org/api/v0.1/persons/za.org.pa.www/core_person/1471,Mofokeng Jacueline
Rafeek Shah,http://za-new-import.popit.mysociety.org/api/v0.1/persons/za.org.pa.www/core_person/912,Mohammed Rafeek Sayedali Shah
Nomvula Monkonyane,http://za-new-import.popit.mysociety.org/api/v0.1/persons/za.org.pa.www/core_person/1474,Nomvula Paula Mokonyane
Mokonyane Nomvula,http://za-new-import.popit.mysociety.org/api/v0.1/persons/za.org.pa.www/core_person/1474,Nomvula Paula Mokonyane
Segale-Diswai Morwesi Johannah,http://za-new-import.popit.mysociety.org/api/v0.1/persons/za.org.pa.www/core_person/918,Morwesi Johannah Segale-Diswai
Mosetsanagape Mokomele-Mothibi,http://za-new-import.popit.mysociety.org/api/v0.1/persons/za.org.pa.www/core_person/1438,Mosetsanagape Margaret Mokomele-Mothibi
MOSETSANAGAPE MOKOMELE-MOTHIBI,http://za-new-import.popit.mysociety.org/api/v0.1/persons/za.org.pa.www/core_person/1438,Mosetsanagape Margaret Mokomele-Mothibi
MOTLALEPULA ROSHO,http://za-new-import.popit.mysociety.org/api/v0.1/persons/za.org.pa.www/core_person/1439,Motlalepula Ziphora Rosho
Mr Abrie Johannes Jacobus,http://za-new-import.popit.mysociety.org/api/v0.1/persons/za.org.pa.www/core_person/1475,Johannes Jacobus Abrie
Mr Kgatjepe Maaria Ishmael,http://za-new-import.popit.mysociety.org/api/v0.1/persons/za.org.pa.www/core_person/1476,Maaria Ishmael Kgatjepe
Mr Masemola Namane Dickson,http://za-new-import.popit.mysociety.org/api/v0.1/persons/za.org.pa.www/core_person/1480,Namane Dickson Masemola
Lehlogonolo Masoga,http://za-new-import.popit.mysociety.org/api/v0.1/persons/za.org.pa.www/core_person/1482,Matjie Lehlogonolo Alfred Masoga
Mr Masoga Matjie Lehlogonolo Alfred,http://za-new-import.popit.mysociety.org/api/v0.1/persons/za.org.pa.www/core_person/1482,Matjie Lehlogonolo Alfred Masoga
Mr Mathabatha Stanley Chupu,http://za-new-import.popit.mysociety.org/api/v0.1/persons/za.org.pa.www/core_person/1484,Chupu Stanley Mathabatha
Mr Midiavhathu Prince Kennedy Tshivhase ,http://za-new-import.popit.mysociety.org/api/v0.1/persons/za.org.pa.www/core_person/1486,Midiavhathu Prince Kennedy Tshivhase
Pitsi Moloto,http://za-new-import.popit.mysociety.org/api/v0.1/persons/za.org.pa.www/core_person/1487,Mr Moloto P.Pitsi
Clifford Motsepe,http://za-new-import.popit.mysociety.org/api/v0.1/persons/za.org.pa.www/core_person/1489,Mr Motsepe Nkomotana Clifford
Nong,http://za-new-import.popit.mysociety.org/api/v0.1/persons/za.org.pa.www/core_person/1492,Kwena Elias Nong
Mr Nong Kwena Elias,http://za-new-import.popit.mysociety.org/api/v0.1/persons/za.org.pa.www/core_person/1492,Kwena Elias Nong
Mr Phala Kgolane Alfred,http://za-new-import.popit.mysociety.org/api/v0.1/persons/za.org.pa.www/core_person/1493,Kgolane Alfred Phala
Charlie Sekoati,http://za-new-import.popit.mysociety.org/api/v0.1/persons/za.org.pa.www/core_person/1495,Seaparo Charles Sekoati
Seaparo Sekoati,http://za-new-import.popit.mysociety.org/api/v0.1/persons/za.org.pa.www/core_person/1495,Seaparo Charles Sekoati
Mr Sekoati Charles Seaparo ,http://za-new-import.popit.mysociety.org/api/v0.1/persons/za.org.pa.www/core_person/1495,Seaparo Charles Sekoati
Mr Sikhutshi Patrick,http://za-new-import.popit.mysociety.org/api/v0.1/persons/za.org.pa.www/core_person/1496,Patrick Sikhutshi
Jan Tsiane,http://za-new-import.popit.mysociety.org/api/v0.1/persons/za.org.pa.www/core_person/1497,Mr Tsiane Kgodumo Jan
M Scheepers,http://za-new-import.popit.mysociety.org/api/v0.1/persons/za.org.pa.www/core_person/1433,Maureen Angela Scheepers
Meisie Kennedy,http://za-new-import.popit.mysociety.org/api/v0.1/persons/za.org.pa.www/core_person/1500,Meisie Kennedy
Ms Kennedy Meisie,http://za-new-import.popit.mysociety.org/api/v0.1/persons/za.org.pa.www/core_person/1500,Meisie Kennedy
Ms Kgalamadi Mamoyagale Getrude,http://za-new-import.popit.mysociety.org/api/v0.1/persons/za.org.pa.www/core_person/1501,Mamoyagale Gertrude Kgalamadi
Ms Letsatsi-Duba D.B,http://za-new-import.popit.mysociety.org/api/v0.1/persons/za.org.pa.www/core_person/1502,Dipuo Bertha Letsatsi-Duba
Ms Lubengo Lourane Marubini,http://za-new-import.popit.mysociety.org/api/v0.1/persons/za.org.pa.www/core_person/1503,Marubini Lourane Lubengo
Lydia Komape-Ngwenya,http://za-new-import.popit.mysociety.org/api/v0.1/persons/za.org.pa.www/core_person/1505,Makwena Lydia Ngwenya
Ms Makwena Lydia Ngwenya,http://za-new-import.popit.mysociety.org/api/v0.1/persons/za.org.pa.www/core_person/1505,Makwena Lydia Ngwenya
Ms Maluleke Boitumelo Joyce,http://za-new-import.popit.mysociety.org/api/v0.1/persons/za.org.pa.www/core_person/1506,Boitumelo Maluleke
Ms Marutha Maite Rebecca,http://za-new-import.popit.mysociety.org/api/v0.1/persons/za.org.pa.www/core_person/1507,Maite Rebecca Marutha
Joyce Mashamba,http://za-new-import.popit.mysociety.org/api/v0.1/persons/za.org.pa.www/core_person/1508,Happy Joyce Mashamba
Ms Mashamba Happy Joyce,http://za-new-import.popit.mysociety.org/api/v0.1/persons/za.org.pa.www/core_person/1508,Happy Joyce Mashamba
Joy Matshoge,http://za-new-import.popit.mysociety.org/api/v0.1/persons/za.org.pa.www/core_person/1509,Bertha Amanda Joyce Matshoge
Ms Matshoge Bertha Amanda Joyce,http://za-new-import.popit.mysociety.org/api/v0.1/persons/za.org.pa.www/core_person/1509,Bertha Amanda Joyce Matshoge
Nomvula Mhlari,http://za-new-import.popit.mysociety.org/api/v0.1/persons/za.org.pa.www/core_person/1510,Ms Mhlari Nomvula Pamela
Thabitha Mohlala,http://za-new-import.popit.mysociety.org/api/v0.1/persons/za.org.pa.www/core_person/1511,Thabitha Mohlala
Ms Mohlala Thabitha,http://za-new-import.popit.mysociety.org/api/v0.1/persons/za.org.pa.www/core_person/1511,Thabitha Mohlala
Ms Moraka Anna Thandi,http://za-new-import.popit.mysociety.org/api/v0.1/persons/za.org.pa.www/core_person/1512,Anna Tandi Moraka
Nandi Ndalane,http://za-new-import.popit.mysociety.org/api/v0.1/persons/za.org.pa.www/core_person/1513,Nanda Annah Ndalane
Ms Ndalane Nanda Anna,http://za-new-import.popit.mysociety.org/api/v0.1/persons/za.org.pa.www/core_person/1513,Nanda Annah Ndalane
Ms Ramadwa Matodzi Mirriam,http://za-new-import.popit.mysociety.org/api/v0.1/persons/za.org.pa.www/core_person/1518,Matodzi Mirriam Ramadwa
Ms Ravhuanzwo Tshilidzi Merylene,http://za-new-import.popit.mysociety.org/api/v0.1/persons/za.org.pa.www/core_person/1519,Tshilidzi Meryline Ravhuanzwo
Ms Semenya Machwene Rosinah,http://za-new-import.popit.mysociety.org/api/v0.1/persons/za.org.pa.www/core_person/1520,Machwene Rosina Semenya
Ouma Tsopo,http://za-new-import.popit.mysociety.org/api/v0.1/persons/za.org.pa.www/core_person/3857,M.A. Tsopo
Nkosi Mwelo Nonkonyana,http://za-new-import.popit.mysociety.org/api/v0.1/persons/za.org.pa.www/core_person/863,Mwelo Nonkonyana
Mxolisi Dimaza,http://za-new-import.popit.mysociety.org/api/v0.1/persons/za.org.pa.www/core_person/1522,Mxolisi Mackson Dimaza
M.Z.N. Madlala,http://za-new-import.popit.mysociety.org/api/v0.1/persons/za.org.pa.www/core_person/1919,Moses Zamindlela Ngamizizizwe Madlala
Mzunani Rose Sonto,http://za-new-import.popit.mysociety.org/api/v0.1/persons/za.org.pa.www/core_person/949,Mzunani Roseberry Sonto
NANDI MASHORI,http://za-new-import.popit.mysociety.org/api/v0.1/persons/za.org.pa.www/core_person/1524,Jeannette Keseabetswe Nandi Mashori
Ndaba Nonhlanhla,http://za-new-import.popit.mysociety.org/api/v0.1/persons/za.org.pa.www/core_person/1528,Claudia Nonhlanhla Ndaba
Duma Ndleleni,http://za-new-import.popit.mysociety.org/api/v0.1/persons/za.org.pa.www/core_person/615,Ndleleni Moses Duma
N. Dube,http://za-new-import.popit.mysociety.org/api/v0.1/persons/za.org.pa.www/core_person/1922,Nomthandazo Adelaide Dube
Refilwoe Ndzuta,http://za-new-import.popit.mysociety.org/api/v0.1/persons/za.org.pa.www/core_person/1529,Ndzuta Refiloe
Neil Campbell,http://za-new-import.popit.mysociety.org/api/v0.1/persons/za.org.pa.www/core_person/1530,Neil Gordon Campbell
Ngwenya Steward,http://za-new-import.popit.mysociety.org/api/v0.1/persons/za.org.pa.www/core_person/1531,Steward Ngwenya
Nompi Nhlapo,http://za-new-import.popit.mysociety.org/api/v0.1/persons/za.org.pa.www/core_person/1532,Nompi Letiah Nhlapo
Nhlapo Nompi,http://za-new-import.popit.mysociety.org/api/v0.1/persons/za.org.pa.www/core_person/1532,Nompi Letiah Nhlapo
Nick Koornhof,http://za-new-import.popit.mysociety.org/api/v0.1/persons/za.org.pa.www/core_person/684,Nicolaas Jacobus Janse Van Rensburg Koornhof
Van Der Berg,http://za-new-import.popit.mysociety.org/api/v0.1/persons/za.org.pa.www/core_person/992,Nicolaas Jacobus Van den Berg
Niekie van den Berg,http://za-new-import.popit.mysociety.org/api/v0.1/persons/za.org.pa.www/core_person/992,Nicolaas Jacobus Van den Berg
N.J. Nkwanyana,http://za-new-import.popit.mysociety.org/api/v0.1/persons/za.org.pa.www/core_person/1927,Ncamisile Jerich Nkwanyana
Thuliswa Nkabinde,http://za-new-import.popit.mysociety.org/api/v0.1/persons/za.org.pa.www/core_person/1533,Thuliswa Winlove Nkabinde
Nkabinde Thuliswa,http://za-new-import.popit.mysociety.org/api/v0.1/persons/za.org.pa.www/core_person/1533,Thuliswa Winlove Nkabinde
Mandla Nkomfe,http://za-new-import.popit.mysociety.org/api/v0.1/persons/za.org.pa.www/core_person/1534,Nkomfe Mandla
N M Magazi,http://za-new-import.popit.mysociety.org/api/v0.1/persons/za.org.pa.www/core_person/722,Mavis Nontsikelelo Magazi
N.N. Sibhidla- Saphetha,http://za-new-import.popit.mysociety.org/api/v0.1/persons/za.org.pa.www/core_person/1928,Ntombikayise Nomawisile Saphetha
N. Ntombela,http://za-new-import.popit.mysociety.org/api/v0.1/persons/za.org.pa.www/core_person/1924,Nhlakanipho Ntombela
Nomfundo Jamjam,http://za-new-import.popit.mysociety.org/api/v0.1/persons/za.org.pa.www/core_person/1538,Nomfundo Faith Jamjam
Nonhle Nomfundo Mkhulisi,http://za-new-import.popit.mysociety.org/api/v0.1/persons/za.org.pa.www/core_person/790,Nomfundo Ntombenhle Penelope Mkhulusi
Nomxolisi Mtitshana,http://za-new-import.popit.mysociety.org/api/v0.1/persons/za.org.pa.www/core_person/1540,Esther Nomxolisi Mtitshana
Nonkosi Mvana,http://za-new-import.popit.mysociety.org/api/v0.1/persons/za.org.pa.www/core_person/1541,Nonkosi Queenie Mvana
Nono Maloyi,http://za-new-import.popit.mysociety.org/api/v0.1/persons/za.org.pa.www/core_person/1526,Patrick Dumile Nono Maloyi
NONO MALOYI,http://za-new-import.popit.mysociety.org/api/v0.1/persons/za.org.pa.www/core_person/1526,Patrick Dumile Nono Maloyi
Nosilivere Winnifred Magadla,http://za-new-import.popit.mysociety.org/api/v0.1/persons/za.org.pa.www/core_person/1039,Nosilivere Winifred Magadla
Nosiviwe Noluthando Mapisa-Nqakula,http://za-new-import.popit.mysociety.org/api/v0.1/persons/za.org.pa.www/core_person/742,Nosiviwe Noluthando Nqakula
Noxolo Abraham-Ntantiso,http://za-new-import.popit.mysociety.org/api/v0.1/persons/za.org.pa.www/core_person/1542,Phoebe Noxolo Abraham-Ntantiso
N.P. Nkonyeni,http://za-new-import.popit.mysociety.org/api/v0.1/persons/za.org.pa.www/core_person/1930,Neliswa Peggy Nkonyeni
Nqabayomzi Lawrence Kwankwa,http://za-new-import.popit.mysociety.org/api/v0.1/persons/za.org.pa.www/core_person/1331,Nqabayomzi Lawrence Saziso Kwankwa
N.R. Majola,http://za-new-import.popit.mysociety.org/api/v0.1/persons/za.org.pa.www/core_person/1931,Nomakiki Roseline Majola
Sibhidla,http://za-new-import.popit.mysociety.org/api/v0.1/persons/za.org.pa.www/core_person/930,Ntombikayise Nomawisile Sibhida
Ntombizodwa Magwaza,http://za-new-import.popit.mysociety.org/api/v0.1/persons/za.org.pa.www/core_person/1545,Ntombizodwa Pauline Magwaza
Vukuza,http://za-new-import.popit.mysociety.org/api/v0.1/persons/za.org.pa.www/core_person/997,N Y Vukuza-Linda
Pakiso David Poho Mlohele,http://za-new-import.popit.mysociety.org/api/v0.1/persons/za.org.pa.www/core_person/771,Pakiso David Mbhele
Hope Papo,http://za-new-import.popit.mysociety.org/api/v0.1/persons/za.org.pa.www/core_person/1554,Anthony Hope Mankwana Papo
Papo Hope,http://za-new-import.popit.mysociety.org/api/v0.1/persons/za.org.pa.www/core_person/1554,Anthony Hope Mankwana Papo
Patricia Mokgohlwa,http://za-new-import.popit.mysociety.org/api/v0.1/persons/za.org.pa.www/core_person/1555,Patricia Betty Mokgohlwa
Khoza Pelele,http://za-new-import.popit.mysociety.org/api/v0.1/persons/za.org.pa.www/core_person/1551,Lentikile Patrick Pelele
PATRICK PELELE,http://za-new-import.popit.mysociety.org/api/v0.1/persons/za.org.pa.www/core_person/1551,Lentikile Patrick Pelele
Paul Willemburg,http://za-new-import.popit.mysociety.org/api/v0.1/persons/za.org.pa.www/core_person/1556,Paul Samuel Robert Willemburg
Petersen-Maduna,http://za-new-import.popit.mysociety.org/api/v0.1/persons/za.org.pa.www/core_person/717,Pearl Maduna
Pearl Maduna-Petersen,http://za-new-import.popit.mysociety.org/api/v0.1/persons/za.org.pa.www/core_person/717,Pearl Maduna
Joyce Pekane,http://za-new-import.popit.mysociety.org/api/v0.1/persons/za.org.pa.www/core_person/1557,Nomalizo Joyce Pekane
Pekane Joyce,http://za-new-import.popit.mysociety.org/api/v0.1/persons/za.org.pa.www/core_person/1557,Nomalizo Joyce Pekane
Pemmy Majodina,http://za-new-import.popit.mysociety.org/api/v0.1/persons/za.org.pa.www/core_person/1558,Pemmy Castelina Pamela Majodina
Peter Frewen,http://za-new-import.popit.mysociety.org/api/v0.1/persons/za.org.pa.www/core_person/1548,Peter John Frewen
P. Govender,http://za-new-import.popit.mysociety.org/api/v0.1/persons/za.org.pa.www/core_person/1933,Poobalan Govender
Phila Nkayi,http://za-new-import.popit.mysociety.org/api/v0.1/persons/za.org.pa.www/core_person/1560,Phila Victor Nkayi
Phindiwe Samka-Mququ,http://za-new-import.popit.mysociety.org/api/v0.1/persons/za.org.pa.www/core_person/1561,Phindiwe Samka-Mququ
Phumeza Mpushe,http://za-new-import.popit.mysociety.org/api/v0.1/persons/za.org.pa.www/core_person/1562,Phumeza Theodora Mpushe
Phumulo Masualle,http://za-new-import.popit.mysociety.org/api/v0.1/persons/za.org.pa.www/core_person/1563,Godfrey Phumulo Masualle
Ngwenya-Mabila Phumzile Catherine,http://za-new-import.popit.mysociety.org/api/v0.1/persons/za.org.pa.www/core_person/855,Phumuzile Catherine Ngwenya-Mabila
Phumzile Justice Mnguni,http://za-new-import.popit.mysociety.org/api/v0.1/persons/za.org.pa.www/core_person/1564,Pumzile Justice Mnguni
Kgoshi Piet Mohlamme Mathebe,http://za-new-import.popit.mysociety.org/api/v0.1/persons/za.org.pa.www/core_person/757,Piet Mohlamme Mathebe
P J C Pretorius,http://za-new-import.popit.mysociety.org/api/v0.1/persons/za.org.pa.www/core_person/895,Johannes Christiaan Pretorius
P.N Maloka,http://za-new-import.popit.mysociety.org/api/v0.1/persons/za.org.pa.www/core_person/1550,Petrus Ntshwedi Maloka
P Petersen-Maduna,http://za-new-import.popit.mysociety.org/api/v0.1/persons/za.org.pa.www/core_person/1966,Pearl Petersen Maduna
Pravin Gordhan,http://za-new-import.popit.mysociety.org/api/v0.1/persons/za.org.pa.www/core_person/539,Pravin Jamnadas Gordhan
Nomantu Nkomo-Ralekoko,http://za-new-import.popit.mysociety.org/api/v0.1/persons/za.org.pa.www/core_person/1570,Nomantu Ralehoko
Ralehoko Nomantu,http://za-new-import.popit.mysociety.org/api/v0.1/persons/za.org.pa.www/core_person/1570,Nomantu Ralehoko
Raseriti Johannes Papi Tau,http://za-new-import.popit.mysociety.org/api/v0.1/persons/za.org.pa.www/core_person/1068,Johannes Raseriti Tau
Raseriti Johannes Tau,http://za-new-import.popit.mysociety.org/api/v0.1/persons/za.org.pa.www/core_person/1068,Johannes Raseriti Tau
Raymond Elisha,http://za-new-import.popit.mysociety.org/api/v0.1/persons/za.org.pa.www/core_person/1569,Boikanyo Raymond Elisha
RAYMOND ELISHA,http://za-new-import.popit.mysociety.org/api/v0.1/persons/za.org.pa.www/core_person/1569,Boikanyo Raymond Elisha
Refilwe Mahlobogoane,http://za-new-import.popit.mysociety.org/api/v0.1/persons/za.org.pa.www/core_person/751,Refilwe Modikanalo Mashigo
Refilwe Mogale,http://za-new-import.popit.mysociety.org/api/v0.1/persons/za.org.pa.www/core_person/751,Refilwe Modikanalo Mashigo
Richard Majola,http://za-new-import.popit.mysociety.org/api/v0.1/persons/za.org.pa.www/core_person/1571,Thembekile Richard Majola
Roy Jankielsohn,http://za-new-import.popit.mysociety.org/api/v0.1/persons/za.org.pa.www/core_person/1568,Roy Jankielsohn
R Jankielsohn,http://za-new-import.popit.mysociety.org/api/v0.1/persons/za.org.pa.www/core_person/1568,Roy Jankielsohn
R. Maharaj,http://za-new-import.popit.mysociety.org/api/v0.1/persons/za.org.pa.www/core_person/1935,Ramarak Maharaj
R. Naidoo,http://za-new-import.popit.mysociety.org/api/v0.1/persons/za.org.pa.www/core_person/1936,Rampathie Naidoo
Alf Lees,http://za-new-import.popit.mysociety.org/api/v0.1/persons/za.org.pa.www/core_person/1036,Robert Alfred Lees
Bobby Stevenson,http://za-new-import.popit.mysociety.org/api/v0.1/persons/za.org.pa.www/core_person/1572,Robert Sykes Stevenson
Robert (Bobby) Stevenson,http://za-new-import.popit.mysociety.org/api/v0.1/persons/za.org.pa.www/core_person/1572,Robert Sykes Stevenson
Rodney Lentit,http://za-new-import.popit.mysociety.org/api/v0.1/persons/za.org.pa.www/core_person/1574,Rodney Benjamin Lentit
Rose Gudlhuza,http://za-new-import.popit.mysociety.org/api/v0.1/persons/za.org.pa.www/core_person/1575,Rose Esther Gudlhuza
R.R. Pillay,http://za-new-import.popit.mysociety.org/api/v0.1/persons/za.org.pa.www/core_person/1937,Ravigasen Ranganathan Pillay
R.T. Mthembu,http://za-new-import.popit.mysociety.org/api/v0.1/persons/za.org.pa.www/core_person/1938,Richard Themba Mthembu
Salamuddi Abram,http://za-new-import.popit.mysociety.org/api/v0.1/persons/za.org.pa.www/core_person/542,Salamuddi (Salam) Abram
Manie van Dyk,http://za-new-import.popit.mysociety.org/api/v0.1/persons/za.org.pa.www/core_person/988,Salomon Maritz Van Dyk
Mmusi Gaaesi,http://za-new-import.popit.mysociety.org/api/v0.1/persons/za.org.pa.www/core_person/793,Samuel Gaaesi Mmusi
Plaatjies Molao,http://za-new-import.popit.mysociety.org/api/v0.1/persons/za.org.pa.www/core_person/894,Sanna Keikantseeng Plaatjie
Sandy Kalyan,http://za-new-import.popit.mysociety.org/api/v0.1/persons/za.org.pa.www/core_person/670,Santosh Vinita Kalyan
Kobus Marais,http://za-new-import.popit.mysociety.org/api/v0.1/persons/za.org.pa.www/core_person/744,Sarel Jacobus Francois Marais
S.C. Nkosi,http://za-new-import.popit.mysociety.org/api/v0.1/persons/za.org.pa.www/core_person/1942,Sipho Caiphas Nkosi
Dan Montsitsi,http://za-new-import.popit.mysociety.org/api/v0.1/persons/za.org.pa.www/core_person/1056,Sediane Danny Montsitsi
Sej Motau,http://za-new-import.popit.mysociety.org/api/v0.1/persons/za.org.pa.www/core_person/816,Sejamotopo Charles Motau
Doreen Senokoanyane,http://za-new-import.popit.mysociety.org/api/v0.1/persons/za.org.pa.www/core_person/1584,Doreen Zamantungwa Sbusisiwe Senokoanyane
Senokoanyane Doreen,http://za-new-import.popit.mysociety.org/api/v0.1/persons/za.org.pa.www/core_person/1584,Doreen Zamantungwa Sbusisiwe Senokoanyane
Kgoshi Setlamorago Godfrey Thobejane,http://za-new-import.popit.mysociety.org/api/v0.1/persons/za.org.pa.www/core_person/969,Setlamorago Godfrey Thobejane
N. B. Shabalala,http://za-new-import.popit.mysociety.org/api/v0.1/persons/za.org.pa.www/core_person/1965,Ntandoyenkosi Bisset Shabalala
Huang Shiaan-Bin,http://za-new-import.popit.mysociety.org/api/v0.1/persons/za.org.pa.www/core_person/662,Shiaan-Bin Huang
Shipokasa Paulus Mashatile,http://za-new-import.popit.mysociety.org/api/v0.1/persons/za.org.pa.www/core_person/749,Shipokosa Paulus Mashatile
Shope-Mafole Lyndall,http://za-new-import.popit.mysociety.org/api/v0.1/persons/za.org.pa.www/core_person/1585,Lyndall Fanisa Shope-Mafole
Sicelo Gqobana,http://za-new-import.popit.mysociety.org/api/v0.1/persons/za.org.pa.www/core_person/1586,Sicelo Hamilton Gqobana
Nokuthula Sikakane,http://za-new-import.popit.mysociety.org/api/v0.1/persons/za.org.pa.www/core_person/1587,Sikhakhane Nokuthula
Sizakele Nkosi-Malobane,http://za-new-import.popit.mysociety.org/api/v0.1/persons/za.org.pa.www/core_person/1588,Emelda Sizakele Malobane
Ms S G Pampiri,http://za-new-import.popit.mysociety.org/api/v0.1/persons/za.org.pa.www/core_person/569,Sizeni Grace Bothman
Grace Sizeni Bothman,http://za-new-import.popit.mysociety.org/api/v0.1/persons/za.org.pa.www/core_person/569,Sizeni Grace Bothman
Sizwe Mchunu,http://za-new-import.popit.mysociety.org/api/v0.1/persons/za.org.pa.www/core_person/1947,Sizwe Wiseman Mchunu
S.J. Gcabashe,http://za-new-import.popit.mysociety.org/api/v0.1/persons/za.org.pa.www/core_person/1943,Sipho Joseph Gcabashe
James Masango,http://za-new-import.popit.mysociety.org/api/v0.1/persons/za.org.pa.www/core_person/746,Suhla James Masango
Siphosezwe Masango,http://za-new-import.popit.mysociety.org/api/v0.1/persons/za.org.pa.www/core_person/746,Suhla James Masango
S J Masango,http://za-new-import.popit.mysociety.org/api/v0.1/persons/za.org.pa.www/core_person/746,Suhla James Masango
S.M. Dhlomo,http://za-new-import.popit.mysociety.org/api/v0.1/persons/za.org.pa.www/core_person/1944,Sibongiseni Maxwell Dhlomo
S. Moodley,http://za-new-import.popit.mysociety.org/api/v0.1/persons/za.org.pa.www/core_person/1940,Subramoney Moodley
S Ntombela,http://za-new-import.popit.mysociety.org/api/v0.1/persons/za.org.pa.www/core_person/1580,Siphamandla Siyethemba Ntombela
Sello P Motswenyane,http://za-new-import.popit.mysociety.org/api/v0.1/persons/za.org.pa.www/core_person/1581,Sello Petrus Motswenyane
SELLO P. MOTSWENYANE,http://za-new-import.popit.mysociety.org/api/v0.1/persons/za.org.pa.www/core_person/1581,Sello Petrus Motswenyane
Stuart Farrow,http://za-new-import.popit.mysociety.org/api/v0.1/persons/za.org.pa.www/core_person/623,Stuart Brian Farrow
Supra Mahumapelo,http://za-new-import.popit.mysociety.org/api/v0.1/persons/za.org.pa.www/core_person/1582,Supra Obakeng Ramoeletsi Mahumapelo
SUPRA MAHUMAPELO,http://za-new-import.popit.mysociety.org/api/v0.1/persons/za.org.pa.www/core_person/1582,Supra Obakeng Ramoeletsi Mahumapelo
Tebogo Modise,http://za-new-import.popit.mysociety.org/api/v0.1/persons/za.org.pa.www/core_person/1591,Tebogo Constance Modise
TEBOGO MODISE,http://za-new-import.popit.mysociety.org/api/v0.1/persons/za.org.pa.www/core_person/1591,Tebogo Constance Modise
Thandi Modise,http://za-new-import.popit.mysociety.org/api/v0.1/persons/za.org.pa.www/core_person/1593,Thandi Ruth Modise
THANDI MODISE,http://za-new-import.popit.mysociety.org/api/v0.1/persons/za.org.pa.www/core_person/1593,Thandi Ruth Modise
Thandiswa Marawu,http://za-new-import.popit.mysociety.org/api/v0.1/persons/za.org.pa.www/core_person/1597,Thandiswa Linnen Marawu
Thandi Tobias Pokolo,http://za-new-import.popit.mysociety.org/api/v0.1/persons/za.org.pa.www/core_person/973,Thandi Vivian Tobias
Thembeka Dunywa,http://za-new-import.popit.mysociety.org/api/v0.1/persons/za.org.pa.www/core_person/1598,Thembeka Patricia Dunywa
Thokozile Magagula,http://za-new-import.popit.mysociety.org/api/v0.1/persons/za.org.pa.www/core_person/1600,Thokozile Elizabeth Magagula
Thokozile Malinga,http://za-new-import.popit.mysociety.org/api/v0.1/persons/za.org.pa.www/core_person/3631,Valentia Thokozile Malinga
Thomas Walters,http://za-new-import.popit.mysociety.org/api/v0.1/persons/za.org.pa.www/core_person/1601,Thomas Charles Ravenscroft Walters
Tim Harris,http://za-new-import.popit.mysociety.org/api/v0.1/persons/za.org.pa.www/core_person/654,Timothy Duncan Harris
N'wamitwa-Shilubana,http://za-new-import.popit.mysociety.org/api/v0.1/persons/za.org.pa.www/core_person/870,Tinyiko Lwandlamuni Phillia Nwamitwa-Shilubana
Hosi T Mwamitwa-Shilubana,http://za-new-import.popit.mysociety.org/api/v0.1/persons/za.org.pa.www/core_person/870,Tinyiko Lwandlamuni Phillia Nwamitwa-Shilubana
Maggie Tlou,http://za-new-import.popit.mysociety.org/api/v0.1/persons/za.org.pa.www/core_person/1602,Moloko Maggie Tlou
Tlou Maggie,http://za-new-import.popit.mysociety.org/api/v0.1/persons/za.org.pa.www/core_person/1602,Moloko Maggie Tlou
T.M. Kaunda  ,http://za-new-import.popit.mysociety.org/api/v0.1/persons/za.org.pa.www/core_person/1948,Thomas Mxolisi Kaunda
T.P. Cele,http://za-new-import.popit.mysociety.org/api/v0.1/persons/za.org.pa.www/core_person/1949,Thembisile Patricia Cele
T.P. Mthethwa,http://za-new-import.popit.mysociety.org/api/v0.1/persons/za.org.pa.www/core_person/1950,Thembeni Petty Mthethwa
Trevor Bonhomme,http://za-new-import.popit.mysociety.org/api/v0.1/persons/za.org.pa.www/core_person/561,Trevor John Bonhomme
TSHEGOFATSO MOTSHEGARE,http://za-new-import.popit.mysociety.org/api/v0.1/persons/za.org.pa.www/core_person/1595,Tshegofatso Beatrice Motshegare
Lishivha Tshiwela Elida,http://za-new-import.popit.mysociety.org/api/v0.1/persons/za.org.pa.www/core_person/698,Tshiwela Elida Lishivha
Godfrey Tsotetsi,http://za-new-import.popit.mysociety.org/api/v0.1/persons/za.org.pa.www/core_person/1604,Coffee Godfrey Tsotetsi
Tsotetsi Godfrey,http://za-new-import.popit.mysociety.org/api/v0.1/persons/za.org.pa.www/core_person/1604,Coffee Godfrey Tsotetsi
T.W. Mchunu,http://za-new-import.popit.mysociety.org/api/v0.1/persons/za.org.pa.www/core_person/1951,Thembinkosi Willies Mchunu
Ismail Vadi,http://za-new-import.popit.mysociety.org/api/v0.1/persons/za.org.pa.www/core_person/1606,Ismail Vadi
Vadi Ismail,http://za-new-import.popit.mysociety.org/api/v0.1/persons/za.org.pa.www/core_person/1606,Ismail Vadi
Velly Manzini,http://za-new-import.popit.mysociety.org/api/v0.1/persons/za.org.pa.www/core_person/1045,Velly Makasana Manzini
Vivian Vuyelwa Tambo,http://za-new-import.popit.mysociety.org/api/v0.1/persons/za.org.pa.www/core_person/1954,Vuyelwa Vivian Tambo
V.V. Tambo,http://za-new-import.popit.mysociety.org/api/v0.1/persons/za.org.pa.www/core_person/1954,Vuyelwa Vivian Tambo
Wendy Matsemela,http://za-new-import.popit.mysociety.org/api/v0.1/persons/za.org.pa.www/core_person/1611,WENDY MATSEMELA
Wessels Tersia,http://za-new-import.popit.mysociety.org/api/v0.1/persons/za.org.pa.www/core_person/1612,Tersia Susara Wessels
W.G. Thusi,http://za-new-import.popit.mysociety.org/api/v0.1/persons/za.org.pa.www/core_person/1955,Weziwe Gcotyelwa Thusi
Winnie Ngwenya,http://za-new-import.popit.mysociety.org/api/v0.1/persons/za.org.pa.www/core_person/854,Winnie Ngwenya
W P Doman,http://za-new-import.popit.mysociety.org/api/v0.1/persons/za.org.pa.www/core_person/609,Willem Phillips Doman
W.P. Zondi,http://za-new-import.popit.mysociety.org/api/v0.1/persons/za.org.pa.www/core_person/1956,Winile Prudence Zondi
Mxolisi Xayiya,http://za-new-import.popit.mysociety.org/api/v0.1/persons/za.org.pa.www/core_person/1613,Mxolisi Eric Xayiya
Xayiya Mxolisi,http://za-new-import.popit.mysociety.org/api/v0.1/persons/za.org.pa.www/core_person/1613,Mxolisi Eric Xayiya
Xola Pakati,http://za-new-import.popit.mysociety.org/api/v0.1/persons/za.org.pa.www/core_person/1614,Xola Anderson Pakati
Xolile Nqatha,http://za-new-import.popit.mysociety.org/api/v0.1/persons/za.org.pa.www/core_person/1615,Xolile Edmund Nqatha
Xoliswa Tom,http://za-new-import.popit.mysociety.org/api/v0.1/persons/za.org.pa.www/core_person/1616,Xoliswa Sandra Tom
Y.M. Nahara,http://za-new-import.popit.mysociety.org/api/v0.1/persons/za.org.pa.www/core_person/1957,Yatima Makhosazana Nahara
Z.M. Ludidi,http://za-new-import.popit.mysociety.org/api/v0.1/persons/za.org.pa.www/core_person/1960,Zanele Maria Ludidi
Makhubele,http://za-new-import.popit.mysociety.org/api/v0.1/persons/za.org.pa.www/core_person/729,Zondi Silence Makhubele
Z P Jordan,http://za-new-import.popit.mysociety.org/api/v0.1/persons/za.org.pa.www/core_person/669,Zweledinga Pallo Jordan
